indicator_code,country,year,value
FS.AST.PRVT.GD.ZS,Italy,2024,140.6793
FR.INR.RINR,Brazil,2021,181.5801
FD.AST.PRVT.GD.ZS,Germany,2024,175.8835
FS.AST.PRVT.GD.ZS,Japan,2013,57.2425
FR.INR.RINR,South Korea,2024,119.8385
FD.AST.PRVT.GD.ZS,India,2023,45.1052
FR.INR.RINR,China,2021,124.2659
FD.AST.PRVT.GD.ZS,Japan,2010,159.5237
FD.AST.PRVT.GD.ZS,South Korea,2022,86.9313
FS.AST.PRVT.GD.ZS,Spain,2013,17.1609
FD.AST.PRVT.GD.ZS,Spain,2019,139.1569
FS.AST.PRVT.GD.ZS,Italy,2024,65.0471
FD.AST.PRVT.GD.ZS,Brazil,2012,30.1737
FD.AST.PRVT.GD.ZS,Russia,2022,120.3832
FD.AST.PRVT.GD.ZS,Switzerland,2020,190.4938
FD.AST.PRVT.GD.ZS,Mexico,2012,77.9299
FD.AST.PRVT.GD.ZS,Saudi Arabia,2017,162.1224
FR.INR.RINR,Russia,2011,164.7672
FS.AST.PRVT.GD.ZS,Saudi Arabia,2013,149.6509
FS.AST.PRVT.GD.ZS,Indonesia,2021,148.0903
FR.INR.RINR,Canada,2016,63.309
FR.INR.RINR,Australia,2019,23.9036
FS.AST.PRVT.GD.ZS,Saudi Arabia,2021,147.0402
FR.INR.RINR,India,2018,85.4172
FS.AST.PRVT.GD.ZS,Japan,2023,105.9444
FS.AST.PRVT.GD.ZS,Spain,2012,103.3591
FD.AST.PRVT.GD.ZS,Netherlands,2016,191.1213
FR.INR.RINR,Indonesia,2017,127.9398
FD.AST.PRVT.GD.ZS,United Kingdom,2016,155.9842
FS.AST.PRVT.GD.ZS,Italy,2010,71.3556
FD.AST.PRVT.GD.ZS,Germany,2016,20.8871
FD.AST.PRVT.GD.ZS,Japan,2011,18.029
FD.AST.PRVT.GD.ZS,France,2012,18.6368
FR.INR.RINR,China,2018,68.7564
FR.INR.RINR,Canada,2010,191.2736
FR.INR.RINR,Indonesia,2011,12.104
FD.AST.PRVT.GD.ZS,Russia,2014,15.5651
FR.INR.RINR,Russia,2010,102.6955
FS.AST.PRVT.GD.ZS,Brazil,2011,128.1155
FD.AST.PRVT.GD.ZS,Brazil,2018,76.6773
FR.INR.RINR,Mexico,2022,104.2549
FD.AST.PRVT.GD.ZS,Mexico,2017,60.8064
FS.AST.PRVT.GD.ZS,South Korea,2019,142.8479
FR.INR.RINR,Russia,2015,155.666
FS.AST.PRVT.GD.ZS,Australia,2012,176.7078
FD.AST.PRVT.GD.ZS,United States,2010,24.1607
FD.AST.PRVT.GD.ZS,Canada,2022,176.1582
FD.AST.PRVT.GD.ZS,United States,2010,120.3673
FD.AST.PRVT.GD.ZS,Japan,2023,51.9718
FD.AST.PRVT.GD.ZS,Switzerland,2024,49.2182
FD.AST.PRVT.GD.ZS,Spain,2024,69.1135
FR.INR.RINR,Canada,2013,155.1126
FR.INR.RINR,Australia,2019,136.6624
FR.INR.RINR,Switzerland,2012,140.491
FS.AST.PRVT.GD.ZS,United Kingdom,2015,35.2882
FS.AST.PRVT.GD.ZS,Italy,2021,173.4887
FR.INR.RINR,China,2020,19.7131
FR.INR.RINR,France,2013,23.495
FD.AST.PRVT.GD.ZS,Saudi Arabia,2015,30.3212
FS.AST.PRVT.GD.ZS,Switzerland,2012,72.0826
FD.AST.PRVT.GD.ZS,China,2014,28.6371
FS.AST.PRVT.GD.ZS,Saudi Arabia,2024,38.6204
FD.AST.PRVT.GD.ZS,Spain,2021,94.2918
FR.INR.RINR,United States,2022,127.8582
FD.AST.PRVT.GD.ZS,Russia,2021,58.5719
FD.AST.PRVT.GD.ZS,United Kingdom,2014,89.1566
FR.INR.RINR,Australia,2014,159.9982
FD.AST.PRVT.GD.ZS,India,2020,58.5666
FR.INR.RINR,Brazil,2012,50.8097
FD.AST.PRVT.GD.ZS,Indonesia,2019,91.4969
FR.INR.RINR,Turkey,2016,59.0334
FR.INR.RINR,Australia,2016,160.3027
FS.AST.PRVT.GD.ZS,Switzerland,2024,76.571
FS.AST.PRVT.GD.ZS,China,2018,125.3104
FD.AST.PRVT.GD.ZS,Saudi Arabia,2013,187.4329
FD.AST.PRVT.GD.ZS,South Korea,2019,75.1303
FR.INR.RINR,Japan,2016,166.9468
FS.AST.PRVT.GD.ZS,India,2018,33.277
FS.AST.PRVT.GD.ZS,Japan,2015,67.2239
FR.INR.RINR,Switzerland,2011,157.7332
FS.AST.PRVT.GD.ZS,Germany,2024,38.7291
FR.INR.RINR,Switzerland,2019,125.598
FR.INR.RINR,Germany,2024,83.8959
FD.AST.PRVT.GD.ZS,Canada,2019,37.313
FS.AST.PRVT.GD.ZS,Saudi Arabia,2015,19.9422
FS.AST.PRVT.GD.ZS,Netherlands,2020,28.8647
FS.AST.PRVT.GD.ZS,Japan,2012,25.0199
FS.AST.PRVT.GD.ZS,Russia,2014,136.1933
FD.AST.PRVT.GD.ZS,Spain,2016,121.8798
FD.AST.PRVT.GD.ZS,United Kingdom,2011,188.3659
FS.AST.PRVT.GD.ZS,Saudi Arabia,2022,154.6322
FD.AST.PRVT.GD.ZS,Italy,2018,196.1491
FS.AST.PRVT.GD.ZS,China,2015,42.5924
FR.INR.RINR,Russia,2013,174.0397
FR.INR.RINR,Brazil,2016,58.238
FR.INR.RINR,Russia,2013,175.4113
FS.AST.PRVT.GD.ZS,Indonesia,2021,63.0707
FS.AST.PRVT.GD.ZS,Netherlands,2023,123.8465
FD.AST.PRVT.GD.ZS,Germany,2017,64.8782
FD.AST.PRVT.GD.ZS,Turkey,2023,168.2147
FD.AST.PRVT.GD.ZS,Italy,2017,121.0617
FD.AST.PRVT.GD.ZS,Switzerland,2014,155.9568
FS.AST.PRVT.GD.ZS,Germany,2016,33.1255
FR.INR.RINR,Brazil,2021,74.494
FR.INR.RINR,United Kingdom,2020,113.398
FS.AST.PRVT.GD.ZS,Australia,2015,46.5897
FD.AST.PRVT.GD.ZS,Australia,2020,39.4797
FS.AST.PRVT.GD.ZS,Russia,2010,76.0091
FD.AST.PRVT.GD.ZS,Australia,2022,65.5183
FD.AST.PRVT.GD.ZS,South Korea,2023,169.6768
FS.AST.PRVT.GD.ZS,Spain,2023,45.9008
FD.AST.PRVT.GD.ZS,Australia,2023,33.8663
FS.AST.PRVT.GD.ZS,Mexico,2024,41.0577
FS.AST.PRVT.GD.ZS,Brazil,2024,45.8533
FR.INR.RINR,South Korea,2011,81.7554
FD.AST.PRVT.GD.ZS,Germany,2024,79.8896
FR.INR.RINR,Brazil,2021,111.0529
FS.AST.PRVT.GD.ZS,South Korea,2014,83.6433
FD.AST.PRVT.GD.ZS,South Korea,2013,60.8133
FS.AST.PRVT.GD.ZS,Italy,2014,102.154
FD.AST.PRVT.GD.ZS,Switzerland,2016,123.0755
FD.AST.PRVT.GD.ZS,Indonesia,2013,112.0435
FS.AST.PRVT.GD.ZS,Germany,2023,13.202
FD.AST.PRVT.GD.ZS,Indonesia,2020,75.5092
FD.AST.PRVT.GD.ZS,Mexico,2017,45.9038
FS.AST.PRVT.GD.ZS,Mexico,2011,160.4704
FR.INR.RINR,India,2024,90.2018
FD.AST.PRVT.GD.ZS,France,2020,151.5503
FD.AST.PRVT.GD.ZS,Australia,2010,154.0179
FR.INR.RINR,India,2015,157.8304
FD.AST.PRVT.GD.ZS,Saudi Arabia,2018,148.4132
FR.INR.RINR,Brazil,2024,105.6251
FS.AST.PRVT.GD.ZS,India,2010,132.0498
FR.INR.RINR,China,2018,183.2019
FR.INR.RINR,Australia,2011,165.6303
FR.INR.RINR,Spain,2011,18.3614
FS.AST.PRVT.GD.ZS,Saudi Arabia,2015,199.3864
FS.AST.PRVT.GD.ZS,Mexico,2020,54.5081
FD.AST.PRVT.GD.ZS,France,2013,24.8981
FD.AST.PRVT.GD.ZS,India,2010,128.2733
FR.INR.RINR,Japan,2013,145.4555
FS.AST.PRVT.GD.ZS,Japan,2020,146.7388
FR.INR.RINR,Indonesia,2016,162.5467
FD.AST.PRVT.GD.ZS,Mexico,2013,103.928
FS.AST.PRVT.GD.ZS,United States,2023,55.6191
FS.AST.PRVT.GD.ZS,Switzerland,2012,119.112
FS.AST.PRVT.GD.ZS,Australia,2021,188.3538
FR.INR.RINR,India,2016,52.0616
FD.AST.PRVT.GD.ZS,Switzerland,2010,15.1477
FS.AST.PRVT.GD.ZS,Netherlands,2019,27.9629
FR.INR.RINR,Brazil,2015,53.0153
FS.AST.PRVT.GD.ZS,France,2011,127.5472
FD.AST.PRVT.GD.ZS,China,2012,77.0463
FD.AST.PRVT.GD.ZS,Russia,2013,107.1894
FD.AST.PRVT.GD.ZS,Mexico,2015,52.6479
FD.AST.PRVT.GD.ZS,Germany,2016,187.6942
FR.INR.RINR,Switzerland,2014,65.2146
FR.INR.RINR,Germany,2014,92.718
FR.INR.RINR,Spain,2021,180.1174
FS.AST.PRVT.GD.ZS,Turkey,2014,16.3163
FR.INR.RINR,United Kingdom,2021,25.0728
FR.INR.RINR,South Korea,2016,152.0765
FR.INR.RINR,Australia,2018,62.8736
FS.AST.PRVT.GD.ZS,Indonesia,2024,130.3965
FD.AST.PRVT.GD.ZS,Brazil,2020,196.276
FS.AST.PRVT.GD.ZS,Saudi Arabia,2015,25.2176
FD.AST.PRVT.GD.ZS,Saudi Arabia,2014,142.5811
FR.INR.RINR,Russia,2022,37.0783
FS.AST.PRVT.GD.ZS,Japan,2010,184.9804
FD.AST.PRVT.GD.ZS,Canada,2011,187.1642
FS.AST.PRVT.GD.ZS,United Kingdom,2020,100.7788
FS.AST.PRVT.GD.ZS,Spain,2023,123.2754
FS.AST.PRVT.GD.ZS,Italy,2022,142.0955
FR.INR.RINR,South Korea,2015,102.5653
FS.AST.PRVT.GD.ZS,China,2019,98.3774
FD.AST.PRVT.GD.ZS,Switzerland,2024,76.4442
FS.AST.PRVT.GD.ZS,Brazil,2020,16.1021
FD.AST.PRVT.GD.ZS,United Kingdom,2014,31.3267
FD.AST.PRVT.GD.ZS,Turkey,2023,58.1876
FS.AST.PRVT.GD.ZS,Switzerland,2012,78.9875
FD.AST.PRVT.GD.ZS,Spain,2018,61.4089
FD.AST.PRVT.GD.ZS,Saudi Arabia,2019,129.2912
FS.AST.PRVT.GD.ZS,China,2019,139.9871
FS.AST.PRVT.GD.ZS,Australia,2019,58.0874
FR.INR.RINR,Brazil,2022,135.5278
FR.INR.RINR,India,2014,158.6062
FD.AST.PRVT.GD.ZS,Switzerland,2016,46.3425
FS.AST.PRVT.GD.ZS,China,2016,131.0406
FR.INR.RINR,Turkey,2020,164.2113
FR.INR.RINR,Turkey,2013,189.8776
FS.AST.PRVT.GD.ZS,Russia,2016,45.0189
FR.INR.RINR,Indonesia,2010,144.8385
FS.AST.PRVT.GD.ZS,China,2022,44.8962
FS.AST.PRVT.GD.ZS,France,2018,44.8234
FS.AST.PRVT.GD.ZS,United Kingdom,2017,17.4818
FD.AST.PRVT.GD.ZS,Canada,2015,76.4976
FS.AST.PRVT.GD.ZS,Turkey,2012,15.8803
FD.AST.PRVT.GD.ZS,Switzerland,2018,48.0001
FD.AST.PRVT.GD.ZS,Japan,2020,193.1993
FR.INR.RINR,Germany,2022,149.5817
FD.AST.PRVT.GD.ZS,China,2023,35.0598
FD.AST.PRVT.GD.ZS,South Korea,2021,194.0254
FS.AST.PRVT.GD.ZS,South Korea,2022,116.4236
FS.AST.PRVT.GD.ZS,Brazil,2016,39.891
FR.INR.RINR,India,2019,192.9366
FS.AST.PRVT.GD.ZS,Italy,2019,108.719
FD.AST.PRVT.GD.ZS,Japan,2011,22.9696
FD.AST.PRVT.GD.ZS,Italy,2021,75.6734
FS.AST.PRVT.GD.ZS,Brazil,2012,69.9503
FS.AST.PRVT.GD.ZS,Indonesia,2019,146.4264
FR.INR.RINR,France,2016,57.7644
FS.AST.PRVT.GD.ZS,Indonesia,2013,142.1794
FD.AST.PRVT.GD.ZS,Switzerland,2017,120.6194
FD.AST.PRVT.GD.ZS,United States,2013,17.1829
FD.AST.PRVT.GD.ZS,Indonesia,2016,169.5807
FS.AST.PRVT.GD.ZS,South Korea,2024,23.1628
FR.INR.RINR,Germany,2014,139.9983
FD.AST.PRVT.GD.ZS,United States,2016,101.2592
FD.AST.PRVT.GD.ZS,Japan,2022,116.4045
FR.INR.RINR,Germany,2013,121.1268
FR.INR.RINR,United Kingdom,2013,37.3811
FR.INR.RINR,United States,2013,12.2361
FS.AST.PRVT.GD.ZS,Mexico,2016,186.9078
FR.INR.RINR,Russia,2019,29.5552
FD.AST.PRVT.GD.ZS,Australia,2011,127.6312
FR.INR.RINR,United States,2019,111.6346
FD.AST.PRVT.GD.ZS,Netherlands,2018,108.5613
FR.INR.RINR,Brazil,2021,108.8087
FR.INR.RINR,Turkey,2011,24.9817
FR.INR.RINR,Netherlands,2014,195.0415
FD.AST.PRVT.GD.ZS,Brazil,2021,115.356
FR.INR.RINR,Brazil,2023,106.3506
FS.AST.PRVT.GD.ZS,Saudi Arabia,2012,142.089
FD.AST.PRVT.GD.ZS,Australia,2014,76.6325
FD.AST.PRVT.GD.ZS,Germany,2023,163.2682
FD.AST.PRVT.GD.ZS,Turkey,2012,37.2765
FD.AST.PRVT.GD.ZS,United Kingdom,2018,131.7267
FR.INR.RINR,Germany,2020,97.9566
FR.INR.RINR,Canada,2021,143.13
FS.AST.PRVT.GD.ZS,Saudi Arabia,2016,192.2268
FS.AST.PRVT.GD.ZS,Germany,2024,65.7119
FS.AST.PRVT.GD.ZS,Brazil,2020,179.4762
FR.INR.RINR,Turkey,2022,91.0812
FR.INR.RINR,Russia,2016,124.6484
FR.INR.RINR,Germany,2013,105.8723
FD.AST.PRVT.GD.ZS,Italy,2012,77.6036
FD.AST.PRVT.GD.ZS,Australia,2022,186.7057
FS.AST.PRVT.GD.ZS,Italy,2010,14.7946
FD.AST.PRVT.GD.ZS,India,2019,174.8257
FR.INR.RINR,Russia,2019,29.1753
FS.AST.PRVT.GD.ZS,Switzerland,2020,198.6736
FS.AST.PRVT.GD.ZS,United Kingdom,2022,104.0531
FD.AST.PRVT.GD.ZS,Australia,2023,23.6174
FD.AST.PRVT.GD.ZS,United Kingdom,2022,121.203
FD.AST.PRVT.GD.ZS,Spain,2017,132.9815
FS.AST.PRVT.GD.ZS,Italy,2013,73.6465
FR.INR.RINR,Italy,2024,71.2393
FS.AST.PRVT.GD.ZS,Australia,2019,190.4843
FR.INR.RINR,United States,2010,195.5113
FR.INR.RINR,United Kingdom,2011,90.4307
FD.AST.PRVT.GD.ZS,Indonesia,2010,181.7563
FD.AST.PRVT.GD.ZS,South Korea,2011,113.3376
FR.INR.RINR,Brazil,2011,171.12
FD.AST.PRVT.GD.ZS,Australia,2012,66.2175
FR.INR.RINR,Italy,2024,25.5852
FR.INR.RINR,Japan,2010,45.7946
FD.AST.PRVT.GD.ZS,Spain,2014,142.1501
FS.AST.PRVT.GD.ZS,Saudi Arabia,2020,169.8042
FR.INR.RINR,Mexico,2019,91.0231
FS.AST.PRVT.GD.ZS,Mexico,2015,119.8345
FD.AST.PRVT.GD.ZS,France,2014,32.9008
FS.AST.PRVT.GD.ZS,Switzerland,2022,18.3723
FD.AST.PRVT.GD.ZS,Canada,2017,139.0338
FD.AST.PRVT.GD.ZS,Saudi Arabia,2018,183.7948
FR.INR.RINR,Mexico,2019,109.5052
FS.AST.PRVT.GD.ZS,Russia,2018,24.9609
FS.AST.PRVT.GD.ZS,United States,2010,83.147
FR.INR.RINR,Canada,2015,139.732
FD.AST.PRVT.GD.ZS,Brazil,2012,161.7645
FD.AST.PRVT.GD.ZS,Indonesia,2018,114.7262
FR.INR.RINR,Russia,2023,102.1166
FD.AST.PRVT.GD.ZS,Switzerland,2022,158.1741
FS.AST.PRVT.GD.ZS,France,2013,176.3036
FR.INR.RINR,Switzerland,2019,82.0625
FD.AST.PRVT.GD.ZS,Mexico,2018,14.1755
FD.AST.PRVT.GD.ZS,Brazil,2020,68.5213
FS.AST.PRVT.GD.ZS,Netherlands,2010,42.6156
FR.INR.RINR,Indonesia,2024,174.5278
FD.AST.PRVT.GD.ZS,Australia,2016,108.6954
FS.AST.PRVT.GD.ZS,Saudi Arabia,2019,42.9756
FD.AST.PRVT.GD.ZS,Switzerland,2022,69.333
FD.AST.PRVT.GD.ZS,Canada,2010,110.001
FR.INR.RINR,India,2017,166.8068
FR.INR.RINR,Brazil,2011,150.7344
FS.AST.PRVT.GD.ZS,United Kingdom,2020,139.4256
FS.AST.PRVT.GD.ZS,United Kingdom,2019,185.2127
FR.INR.RINR,Italy,2017,132.5759
FR.INR.RINR,Australia,2024,139.849
FS.AST.PRVT.GD.ZS,Germany,2017,47.617
FS.AST.PRVT.GD.ZS,Saudi Arabia,2021,76.5857
FR.INR.RINR,United Kingdom,2015,124.5919
FR.INR.RINR,Japan,2016,32.493
FR.INR.RINR,Canada,2022,57.8541
FR.INR.RINR,South Korea,2020,74.4333
FS.AST.PRVT.GD.ZS,Italy,2014,199.2962
FS.AST.PRVT.GD.ZS,Netherlands,2014,20.8879
FD.AST.PRVT.GD.ZS,Australia,2012,85.4878
FS.AST.PRVT.GD.ZS,Saudi Arabia,2015,152.3334
FR.INR.RINR,United States,2011,145.7235
FS.AST.PRVT.GD.ZS,Canada,2016,78.539
FS.AST.PRVT.GD.ZS,Japan,2013,38.798
FD.AST.PRVT.GD.ZS,Japan,2023,42.2642
FR.INR.RINR,South Korea,2010,184.783
FD.AST.PRVT.GD.ZS,India,2023,56.8504
FS.AST.PRVT.GD.ZS,Germany,2022,118.652
FD.AST.PRVT.GD.ZS,China,2014,39.5807
FD.AST.PRVT.GD.ZS,Germany,2016,17.7479
FD.AST.PRVT.GD.ZS,Turkey,2017,158.1647
FS.AST.PRVT.GD.ZS,Italy,2015,92.902
FD.AST.PRVT.GD.ZS,China,2015,44.9685
FS.AST.PRVT.GD.ZS,Saudi Arabia,2011,191.7742
FR.INR.RINR,China,2023,33.1668
FR.INR.RINR,United States,2010,120.2024
FR.INR.RINR,China,2019,65.0633
FR.INR.RINR,United States,2014,182.8051
FD.AST.PRVT.GD.ZS,Australia,2013,163.6913
FR.INR.RINR,Japan,2017,166.7756
FS.AST.PRVT.GD.ZS,France,2010,86.4363
FS.AST.PRVT.GD.ZS,India,2023,25.8243
FS.AST.PRVT.GD.ZS,United States,2024,42.9921
FR.INR.RINR,Saudi Arabia,2019,121.3369
FD.AST.PRVT.GD.ZS,Saudi Arabia,2020,105.5143
FD.AST.PRVT.GD.ZS,France,2012,99.3602
FS.AST.PRVT.GD.ZS,Russia,2017,41.5276
FR.INR.RINR,France,2021,91.6951
FR.INR.RINR,Spain,2019,186.8528
FR.INR.RINR,Brazil,2018,34.3372
FS.AST.PRVT.GD.ZS,India,2016,63.0061
FD.AST.PRVT.GD.ZS,Switzerland,2015,190.5547
FD.AST.PRVT.GD.ZS,Spain,2020,74.0359
FS.AST.PRVT.GD.ZS,Indonesia,2017,87.6744
FR.INR.RINR,Australia,2024,89.623
FR.INR.RINR,India,2022,71.1027
FS.AST.PRVT.GD.ZS,Mexico,2011,26.6351
FR.INR.RINR,Russia,2011,26.3681
FR.INR.RINR,China,2012,101.907
FS.AST.PRVT.GD.ZS,United Kingdom,2021,44.9686
FD.AST.PRVT.GD.ZS,China,2017,67.0731
FD.AST.PRVT.GD.ZS,China,2016,183.4309
FS.AST.PRVT.GD.ZS,Indonesia,2021,119.0433
FR.INR.RINR,Russia,2020,34.1706
FR.INR.RINR,United States,2012,181.6806
FS.AST.PRVT.GD.ZS,Germany,2019,99.4565
FD.AST.PRVT.GD.ZS,Japan,2021,16.2642
FD.AST.PRVT.GD.ZS,United States,2014,37.0209
FS.AST.PRVT.GD.ZS,Switzerland,2021,191.2014
FR.INR.RINR,India,2024,93.8909
FR.INR.RINR,Australia,2023,40.6517
FS.AST.PRVT.GD.ZS,Australia,2024,131.616
FD.AST.PRVT.GD.ZS,China,2019,193.8091
FS.AST.PRVT.GD.ZS,India,2016,128.1446
FS.AST.PRVT.GD.ZS,United States,2017,116.1044
FR.INR.RINR,Spain,2023,46.2672
FR.INR.RINR,Spain,2022,38.131
FS.AST.PRVT.GD.ZS,United States,2010,21.4606
FS.AST.PRVT.GD.ZS,India,2018,22.9648
FS.AST.PRVT.GD.ZS,United States,2014,94.3993
FR.INR.RINR,Switzerland,2014,158.0429
FD.AST.PRVT.GD.ZS,Australia,2021,87.854
FD.AST.PRVT.GD.ZS,Netherlands,2023,99.6633
FR.INR.RINR,Mexico,2021,152.5125
FR.INR.RINR,Brazil,2010,63.9128
FS.AST.PRVT.GD.ZS,South Korea,2020,111.0975
FR.INR.RINR,Japan,2012,197.154
FR.INR.RINR,France,2020,186.1499
FS.AST.PRVT.GD.ZS,Spain,2019,80.6187
FS.AST.PRVT.GD.ZS,Russia,2010,113.283
FR.INR.RINR,Australia,2019,145.3179
FR.INR.RINR,Turkey,2024,175.8011
FS.AST.PRVT.GD.ZS,Saudi Arabia,2013,36.5774
FR.INR.RINR,Australia,2014,145.6311
FR.INR.RINR,Spain,2016,138.1343
FD.AST.PRVT.GD.ZS,Netherlands,2013,123.7905
FR.INR.RINR,Germany,2016,16.9718
FD.AST.PRVT.GD.ZS,Japan,2019,138.8985
FD.AST.PRVT.GD.ZS,China,2011,27.3133
FS.AST.PRVT.GD.ZS,Germany,2014,110.3854
FR.INR.RINR,South Korea,2012,106.4313
FR.INR.RINR,Spain,2014,106.0074
FS.AST.PRVT.GD.ZS,Russia,2021,96.2245
FR.INR.RINR,Germany,2016,184.8019
FR.INR.RINR,Germany,2024,42.1794
FS.AST.PRVT.GD.ZS,United States,2022,13.325
FD.AST.PRVT.GD.ZS,Russia,2010,137.6168
FD.AST.PRVT.GD.ZS,Indonesia,2013,27.8476
FS.AST.PRVT.GD.ZS,Netherlands,2018,156.7964
FR.INR.RINR,Mexico,2019,154.3311
FS.AST.PRVT.GD.ZS,Russia,2020,91.146
FS.AST.PRVT.GD.ZS,United States,2022,83.6739
FS.AST.PRVT.GD.ZS,Brazil,2010,72.4783
FS.AST.PRVT.GD.ZS,United Kingdom,2010,145.0681
FR.INR.RINR,France,2015,65.4555
FD.AST.PRVT.GD.ZS,United Kingdom,2016,110.0823
FS.AST.PRVT.GD.ZS,United Kingdom,2013,57.99
FR.INR.RINR,Netherlands,2021,110.8276
FD.AST.PRVT.GD.ZS,Australia,2018,38.0822
FS.AST.PRVT.GD.ZS,Switzerland,2011,73.8251
FD.AST.PRVT.GD.ZS,Spain,2022,87.3382
FR.INR.RINR,Spain,2021,121.3525
FS.AST.PRVT.GD.ZS,Netherlands,2010,30.2197
FR.INR.RINR,China,2015,94.0515
FD.AST.PRVT.GD.ZS,Brazil,2011,166.9492
FR.INR.RINR,United Kingdom,2016,53.0697
FS.AST.PRVT.GD.ZS,Indonesia,2019,89.8662
FS.AST.PRVT.GD.ZS,Saudi Arabia,2022,156.5991
FR.INR.RINR,France,2015,40.2854
FS.AST.PRVT.GD.ZS,Turkey,2022,48.5059
FR.INR.RINR,Australia,2011,196.3166
FS.AST.PRVT.GD.ZS,South Korea,2017,46.1832
FR.INR.RINR,Spain,2016,99.7926
FS.AST.PRVT.GD.ZS,Australia,2016,135.4547
FR.INR.RINR,South Korea,2011,64.9228
FD.AST.PRVT.GD.ZS,France,2021,120.8191
FS.AST.PRVT.GD.ZS,Russia,2023,118.7106
FD.AST.PRVT.GD.ZS,France,2019,139.7301
FS.AST.PRVT.GD.ZS,Indonesia,2010,114.7977
FR.INR.RINR,Australia,2013,63.4456
FS.AST.PRVT.GD.ZS,Japan,2014,87.3481
FR.INR.RINR,Brazil,2010,147.0145
FD.AST.PRVT.GD.ZS,Australia,2015,60.3337
FS.AST.PRVT.GD.ZS,Australia,2017,26.9576
FD.AST.PRVT.GD.ZS,Brazil,2020,135.9758
FD.AST.PRVT.GD.ZS,Netherlands,2013,133.1084
FR.INR.RINR,China,2017,88.347
FR.INR.RINR,Indonesia,2019,182.8103
FS.AST.PRVT.GD.ZS,United States,2013,15.5466
FD.AST.PRVT.GD.ZS,Netherlands,2024,130.4604
FD.AST.PRVT.GD.ZS,Netherlands,2014,182.6947
FR.INR.RINR,United Kingdom,2022,43.559
FR.INR.RINR,Italy,2011,64.3451
FR.INR.RINR,Spain,2012,180.3592
FD.AST.PRVT.GD.ZS,Australia,2012,175.4463
FR.INR.RINR,Australia,2019,56.8976
FR.INR.RINR,China,2016,146.973
FR.INR.RINR,Russia,2014,193.079
FD.AST.PRVT.GD.ZS,Russia,2022,142.8222
FR.INR.RINR,India,2015,65.0081
FR.INR.RINR,United Kingdom,2024,128.3821
FR.INR.RINR,Germany,2018,157.718
FD.AST.PRVT.GD.ZS,Japan,2017,198.0101
FS.AST.PRVT.GD.ZS,Switzerland,2011,46.0926
FS.AST.PRVT.GD.ZS,Mexico,2023,142.081
FS.AST.PRVT.GD.ZS,Turkey,2023,10.2659
FS.AST.PRVT.GD.ZS,Italy,2012,82.9457
FD.AST.PRVT.GD.ZS,United Kingdom,2019,135.3823
FR.INR.RINR,India,2017,146.0763
FD.AST.PRVT.GD.ZS,France,2010,149.9311
FR.INR.RINR,Netherlands,2010,49.3334
FS.AST.PRVT.GD.ZS,Indonesia,2010,195.767
FR.INR.RINR,Italy,2022,134.8604
FS.AST.PRVT.GD.ZS,Japan,2024,188.5082
FR.INR.RINR,United States,2018,152.934
FR.INR.RINR,United Kingdom,2014,32.71
FS.AST.PRVT.GD.ZS,South Korea,2024,196.273
FR.INR.RINR,Indonesia,2017,25.3249
FD.AST.PRVT.GD.ZS,South Korea,2011,51.4134
FD.AST.PRVT.GD.ZS,Spain,2024,75.6568
FS.AST.PRVT.GD.ZS,Brazil,2014,94.4226
FR.INR.RINR,Turkey,2019,117.3057
FS.AST.PRVT.GD.ZS,Spain,2016,95.654
FD.AST.PRVT.GD.ZS,Brazil,2020,120.4736
FD.AST.PRVT.GD.ZS,Netherlands,2019,136.5638
FR.INR.RINR,France,2023,150.3063
FD.AST.PRVT.GD.ZS,France,2017,59.3488
FS.AST.PRVT.GD.ZS,Mexico,2021,182.5462
FS.AST.PRVT.GD.ZS,Japan,2018,20.9348
FR.INR.RINR,Switzerland,2021,43.8992
FS.AST.PRVT.GD.ZS,South Korea,2021,69.1989
FR.INR.RINR,Saudi Arabia,2017,135.6712
FS.AST.PRVT.GD.ZS,South Korea,2019,54.1418
FS.AST.PRVT.GD.ZS,Australia,2015,161.0246
FD.AST.PRVT.GD.ZS,Canada,2010,135.5714
FD.AST.PRVT.GD.ZS,Turkey,2022,179.3672
FD.AST.PRVT.GD.ZS,Switzerland,2019,127.9679
FS.AST.PRVT.GD.ZS,United Kingdom,2021,96.9438
FD.AST.PRVT.GD.ZS,Brazil,2016,27.7841
FD.AST.PRVT.GD.ZS,Russia,2020,182.0177
FR.INR.RINR,India,2017,48.8634
FS.AST.PRVT.GD.ZS,France,2021,110.4827
FS.AST.PRVT.GD.ZS,India,2020,52.48
FS.AST.PRVT.GD.ZS,Australia,2013,62.888
FR.INR.RINR,Canada,2013,198.5571
FD.AST.PRVT.GD.ZS,Italy,2023,87.075
FR.INR.RINR,United States,2016,122.8129
FS.AST.PRVT.GD.ZS,Netherlands,2010,18.1741
FR.INR.RINR,Russia,2017,179.8705
FD.AST.PRVT.GD.ZS,Switzerland,2024,85.5257
FD.AST.PRVT.GD.ZS,Saudi Arabia,2014,107.0963
FR.INR.RINR,Turkey,2012,159.006
FD.AST.PRVT.GD.ZS,United Kingdom,2010,20.8889
FS.AST.PRVT.GD.ZS,Indonesia,2019,150.09
FS.AST.PRVT.GD.ZS,Russia,2016,198.5665
FR.INR.RINR,Switzerland,2015,107.4527
FR.INR.RINR,Spain,2023,153.2598
FR.INR.RINR,Mexico,2016,91.3957
FR.INR.RINR,Australia,2018,62.9305
FS.AST.PRVT.GD.ZS,Switzerland,2018,53.7978
FD.AST.PRVT.GD.ZS,United States,2015,140.1247
FD.AST.PRVT.GD.ZS,Turkey,2019,39.7002
FS.AST.PRVT.GD.ZS,Germany,2010,46.7539
FD.AST.PRVT.GD.ZS,Italy,2019,10.2341
FR.INR.RINR,Saudi Arabia,2022,95.7417
FS.AST.PRVT.GD.ZS,Spain,2023,68.6776
FD.AST.PRVT.GD.ZS,Russia,2017,13.0116
FS.AST.PRVT.GD.ZS,Russia,2014,86.71
FD.AST.PRVT.GD.ZS,India,2024,196.5589
FR.INR.RINR,Netherlands,2011,121.0259
FR.INR.RINR,Netherlands,2021,58.8557
FD.AST.PRVT.GD.ZS,Indonesia,2022,17.2366
FR.INR.RINR,India,2014,63.9596
FS.AST.PRVT.GD.ZS,Canada,2016,177.4627
FD.AST.PRVT.GD.ZS,Netherlands,2021,66.5444
FD.AST.PRVT.GD.ZS,Japan,2024,64.8679
FS.AST.PRVT.GD.ZS,China,2014,194.4054
FR.INR.RINR,Australia,2019,13.7925
FS.AST.PRVT.GD.ZS,United Kingdom,2019,115.6696
FR.INR.RINR,Italy,2016,145.4537
FD.AST.PRVT.GD.ZS,Mexico,2018,120.0818
FR.INR.RINR,Russia,2015,176.5541
FD.AST.PRVT.GD.ZS,United States,2020,60.9852
FD.AST.PRVT.GD.ZS,China,2016,73.7329
FS.AST.PRVT.GD.ZS,South Korea,2023,63.4963
FD.AST.PRVT.GD.ZS,Indonesia,2011,109.3037
FD.AST.PRVT.GD.ZS,Canada,2019,190.2637
FR.INR.RINR,India,2010,173.5415
FD.AST.PRVT.GD.ZS,United Kingdom,2010,175.1272
FS.AST.PRVT.GD.ZS,Switzerland,2015,45.8418
FS.AST.PRVT.GD.ZS,Russia,2016,159.3192
FS.AST.PRVT.GD.ZS,Germany,2023,24.6512
FS.AST.PRVT.GD.ZS,Russia,2013,148.6282
FR.INR.RINR,United Kingdom,2020,100.0479
FS.AST.PRVT.GD.ZS,Turkey,2018,114.7552
FD.AST.PRVT.GD.ZS,Canada,2013,34.2156
FS.AST.PRVT.GD.ZS,Mexico,2015,174.1663
FR.INR.RINR,Spain,2018,53.4755
FS.AST.PRVT.GD.ZS,United Kingdom,2024,83.5654
FS.AST.PRVT.GD.ZS,Netherlands,2021,79.5718
FS.AST.PRVT.GD.ZS,South Korea,2013,99.5143
FS.AST.PRVT.GD.ZS,Netherlands,2022,166.9127
FD.AST.PRVT.GD.ZS,Brazil,2015,117.7858
FS.AST.PRVT.GD.ZS,Netherlands,2014,164.8375
FD.AST.PRVT.GD.ZS,Indonesia,2023,53.5386
FD.AST.PRVT.GD.ZS,South Korea,2012,44.4559
FD.AST.PRVT.GD.ZS,Australia,2021,192.4459
FS.AST.PRVT.GD.ZS,Mexico,2014,25.5761
FD.AST.PRVT.GD.ZS,Japan,2010,197.2078
FD.AST.PRVT.GD.ZS,South Korea,2012,47.8813
FR.INR.RINR,Italy,2011,177.5122
FS.AST.PRVT.GD.ZS,Russia,2020,107.5106
FR.INR.RINR,Turkey,2023,169.9361
FR.INR.RINR,Italy,2016,153.6457
FS.AST.PRVT.GD.ZS,India,2014,104.4945
FD.AST.PRVT.GD.ZS,South Korea,2023,90.9474
FD.AST.PRVT.GD.ZS,Switzerland,2020,162.8698
FR.INR.RINR,Canada,2023,190.9096
FD.AST.PRVT.GD.ZS,China,2014,150.9433
FR.INR.RINR,Mexico,2010,20.2791
FD.AST.PRVT.GD.ZS,Turkey,2022,196.7196
FR.INR.RINR,Brazil,2019,11.0709
FR.INR.RINR,France,2015,85.3981
FS.AST.PRVT.GD.ZS,France,2019,90.4378
FD.AST.PRVT.GD.ZS,India,2013,178.546
FR.INR.RINR,United Kingdom,2024,47.0277
FS.AST.PRVT.GD.ZS,Indonesia,2020,125.0589
FD.AST.PRVT.GD.ZS,Germany,2010,52.8117
FD.AST.PRVT.GD.ZS,Brazil,2014,143.3438
FR.INR.RINR,United Kingdom,2016,130.4312
FD.AST.PRVT.GD.ZS,India,2013,181.3909
FD.AST.PRVT.GD.ZS,United States,2020,167.9522
FR.INR.RINR,France,2016,60.2499
FR.INR.RINR,Netherlands,2018,33.8072
FR.INR.RINR,United States,2014,48.335
FR.INR.RINR,Russia,2019,168.239
FD.AST.PRVT.GD.ZS,Germany,2012,51.7438
FS.AST.PRVT.GD.ZS,Spain,2016,131.4842
FD.AST.PRVT.GD.ZS,South Korea,2010,15.4024
FR.INR.RINR,Spain,2023,61.7708
FR.INR.RINR,Germany,2018,192.6081
FR.INR.RINR,Spain,2013,131.7959
FR.INR.RINR,Canada,2012,76.5611
FS.AST.PRVT.GD.ZS,Brazil,2019,73.1544
FD.AST.PRVT.GD.ZS,Spain,2013,19.2793
FD.AST.PRVT.GD.ZS,Spain,2016,52.7891
FS.AST.PRVT.GD.ZS,Germany,2018,84.6894
FD.AST.PRVT.GD.ZS,France,2014,183.1607
FS.AST.PRVT.GD.ZS,Netherlands,2018,85.1866
FD.AST.PRVT.GD.ZS,Australia,2021,119.3324
FS.AST.PRVT.GD.ZS,France,2014,23.813
FS.AST.PRVT.GD.ZS,United States,2022,59.5664
FS.AST.PRVT.GD.ZS,Mexico,2017,79.7262
FS.AST.PRVT.GD.ZS,Spain,2017,48.9811
FR.INR.RINR,Russia,2022,44.9453
FS.AST.PRVT.GD.ZS,Australia,2014,72.7192
FD.AST.PRVT.GD.ZS,Brazil,2018,130.3369
FS.AST.PRVT.GD.ZS,Australia,2014,152.2968
FS.AST.PRVT.GD.ZS,Netherlands,2018,125.3241
FD.AST.PRVT.GD.ZS,India,2011,103.4174
FD.AST.PRVT.GD.ZS,India,2019,160.871
FS.AST.PRVT.GD.ZS,Russia,2011,136.1143
FR.INR.RINR,Germany,2011,173.9885
FR.INR.RINR,Indonesia,2024,168.3432
FD.AST.PRVT.GD.ZS,Netherlands,2013,37.0157
FD.AST.PRVT.GD.ZS,Spain,2013,101.4586
FR.INR.RINR,United Kingdom,2017,195.68
FD.AST.PRVT.GD.ZS,Australia,2010,156.3188
FR.INR.RINR,Netherlands,2017,195.1924
FD.AST.PRVT.GD.ZS,Japan,2010,20.6388
FR.INR.RINR,Canada,2016,38.7597
FR.INR.RINR,Germany,2022,161.5837
FD.AST.PRVT.GD.ZS,Turkey,2014,88.2173
FS.AST.PRVT.GD.ZS,Germany,2012,46.1354
FS.AST.PRVT.GD.ZS,Brazil,2014,83.675
FR.INR.RINR,Turkey,2016,48.8883
FS.AST.PRVT.GD.ZS,Australia,2016,37.0957
FD.AST.PRVT.GD.ZS,Italy,2018,156.0206
FS.AST.PRVT.GD.ZS,United Kingdom,2022,85.2733
FD.AST.PRVT.GD.ZS,China,2017,20.0468
FR.INR.RINR,United Kingdom,2022,164.1366
FD.AST.PRVT.GD.ZS,Germany,2018,72.6986
FR.INR.RINR,China,2022,67.0967
FS.AST.PRVT.GD.ZS,Turkey,2015,143.8218
FS.AST.PRVT.GD.ZS,Spain,2020,124.7303
FR.INR.RINR,Italy,2013,145.056
FS.AST.PRVT.GD.ZS,Russia,2022,167.74
FD.AST.PRVT.GD.ZS,Spain,2015,111.7554
FS.AST.PRVT.GD.ZS,Canada,2012,40.6053
FR.INR.RINR,Switzerland,2015,11.515
FS.AST.PRVT.GD.ZS,South Korea,2012,103.594
FR.INR.RINR,Russia,2010,73.2387
FD.AST.PRVT.GD.ZS,Germany,2019,30.243
FR.INR.RINR,United Kingdom,2016,103.8436
FR.INR.RINR,Russia,2014,102.127
FR.INR.RINR,Germany,2010,29.7223
FR.INR.RINR,Italy,2018,34.3451
FS.AST.PRVT.GD.ZS,Turkey,2023,55.4053
FS.AST.PRVT.GD.ZS,France,2017,158.3181
FD.AST.PRVT.GD.ZS,Australia,2016,25.1818
FD.AST.PRVT.GD.ZS,Switzerland,2019,138.9924
FS.AST.PRVT.GD.ZS,China,2013,133.2415
FR.INR.RINR,Russia,2011,146.0402
FR.INR.RINR,Australia,2023,103.8161
FD.AST.PRVT.GD.ZS,Turkey,2019,85.2314
FS.AST.PRVT.GD.ZS,India,2023,96.3193
FD.AST.PRVT.GD.ZS,United States,2021,117.872
FR.INR.RINR,Italy,2022,137.0753
FS.AST.PRVT.GD.ZS,Saudi Arabia,2018,56.9376
FR.INR.RINR,Brazil,2013,48.2945
FS.AST.PRVT.GD.ZS,Indonesia,2020,79.1829
FR.INR.RINR,Russia,2019,78.5248
FS.AST.PRVT.GD.ZS,Switzerland,2018,61.1885
FD.AST.PRVT.GD.ZS,Turkey,2017,54.2442
FR.INR.RINR,Mexico,2018,119.2055
FS.AST.PRVT.GD.ZS,Mexico,2016,135.004
FD.AST.PRVT.GD.ZS,Turkey,2021,66.9817
FR.INR.RINR,South Korea,2012,183.1268
FD.AST.PRVT.GD.ZS,France,2022,13.6882
FD.AST.PRVT.GD.ZS,Indonesia,2016,19.6326
FD.AST.PRVT.GD.ZS,Mexico,2023,183.1443
FD.AST.PRVT.GD.ZS,Canada,2010,134.7043
FD.AST.PRVT.GD.ZS,Turkey,2013,25.1487
FD.AST.PRVT.GD.ZS,Brazil,2024,29.6818
FD.AST.PRVT.GD.ZS,Brazil,2022,169.3531
FD.AST.PRVT.GD.ZS,India,2017,142.6927
FR.INR.RINR,Turkey,2020,116.3827
FR.INR.RINR,China,2016,155.3646
FD.AST.PRVT.GD.ZS,Australia,2016,187.8585
FR.INR.RINR,China,2011,111.883
FD.AST.PRVT.GD.ZS,Germany,2013,157.1338
FR.INR.RINR,Russia,2013,126.6315
FS.AST.PRVT.GD.ZS,Brazil,2011,195.8413
FR.INR.RINR,United States,2018,155.1387
FR.INR.RINR,China,2024,89.4482
FS.AST.PRVT.GD.ZS,Indonesia,2010,171.158
FD.AST.PRVT.GD.ZS,France,2022,55.8645
FD.AST.PRVT.GD.ZS,South Korea,2020,64.2602
FS.AST.PRVT.GD.ZS,Saudi Arabia,2022,154.0929
FR.INR.RINR,Switzerland,2024,62.5426
FD.AST.PRVT.GD.ZS,Netherlands,2014,188.1608
FS.AST.PRVT.GD.ZS,United Kingdom,2018,162.6629
FD.AST.PRVT.GD.ZS,United Kingdom,2012,136.614
FS.AST.PRVT.GD.ZS,Australia,2018,51.7102
FR.INR.RINR,Netherlands,2010,140.7708
FD.AST.PRVT.GD.ZS,Russia,2013,31.0662
FD.AST.PRVT.GD.ZS,South Korea,2010,78.6474
FS.AST.PRVT.GD.ZS,United States,2016,94.608
FD.AST.PRVT.GD.ZS,Italy,2017,43.3368
FR.INR.RINR,Spain,2016,90.8939
FS.AST.PRVT.GD.ZS,United Kingdom,2019,23.4691
FD.AST.PRVT.GD.ZS,Indonesia,2010,104.9429
FD.AST.PRVT.GD.ZS,Italy,2018,59.7038
FR.INR.RINR,Spain,2020,129.6616
FR.INR.RINR,Germany,2013,75.8652
FS.AST.PRVT.GD.ZS,Russia,2024,182.102
FS.AST.PRVT.GD.ZS,Australia,2015,134.6363
FR.INR.RINR,Turkey,2021,102.4232
FD.AST.PRVT.GD.ZS,United States,2020,182.2973
FD.AST.PRVT.GD.ZS,Brazil,2010,140.1865
FS.AST.PRVT.GD.ZS,Mexico,2014,27.5486
FS.AST.PRVT.GD.ZS,Russia,2024,38.3107
FR.INR.RINR,China,2020,103.0002
FS.AST.PRVT.GD.ZS,Canada,2024,106.6414
FD.AST.PRVT.GD.ZS,Japan,2010,31.1073
FS.AST.PRVT.GD.ZS,Australia,2019,160.1763
FR.INR.RINR,Switzerland,2020,186.6099
FD.AST.PRVT.GD.ZS,Brazil,2017,178.5137
FS.AST.PRVT.GD.ZS,United Kingdom,2021,127.9453
FR.INR.RINR,South Korea,2024,125.9448
FS.AST.PRVT.GD.ZS,Russia,2012,45.91
FR.INR.RINR,Netherlands,2017,171.8386
FD.AST.PRVT.GD.ZS,Netherlands,2012,141.6
FR.INR.RINR,China,2012,32.5682
FD.AST.PRVT.GD.ZS,Russia,2020,127.5771
FS.AST.PRVT.GD.ZS,India,2014,29.6388
FD.AST.PRVT.GD.ZS,Russia,2010,116.895
FS.AST.PRVT.GD.ZS,Spain,2020,169.3696
FR.INR.RINR,Saudi Arabia,2023,54.7292
FD.AST.PRVT.GD.ZS,Spain,2020,168.7286
FS.AST.PRVT.GD.ZS,Germany,2022,191.7962
FS.AST.PRVT.GD.ZS,Netherlands,2020,123.4828
FR.INR.RINR,Italy,2017,175.5235
FR.INR.RINR,United States,2013,162.3292
FD.AST.PRVT.GD.ZS,Brazil,2021,86.3074
FR.INR.RINR,Netherlands,2015,129.8298
FD.AST.PRVT.GD.ZS,Indonesia,2017,194.1325
FS.AST.PRVT.GD.ZS,Germany,2023,115.4976
FD.AST.PRVT.GD.ZS,Switzerland,2015,49.0914
FR.INR.RINR,United States,2022,186.6521
FR.INR.RINR,France,2013,63.8815
FD.AST.PRVT.GD.ZS,Japan,2014,23.8614
FD.AST.PRVT.GD.ZS,Brazil,2013,197.6194
FD.AST.PRVT.GD.ZS,Russia,2019,133.1945
FD.AST.PRVT.GD.ZS,Saudi Arabia,2017,189.406
FS.AST.PRVT.GD.ZS,Switzerland,2013,26.0176
FS.AST.PRVT.GD.ZS,Switzerland,2012,64.8409
FD.AST.PRVT.GD.ZS,China,2011,173.5659
FD.AST.PRVT.GD.ZS,Canada,2024,43.9971
FR.INR.RINR,Spain,2018,197.4766
FS.AST.PRVT.GD.ZS,South Korea,2021,79.3125
FS.AST.PRVT.GD.ZS,United Kingdom,2019,79.7928
FS.AST.PRVT.GD.ZS,Australia,2017,109.5716
FD.AST.PRVT.GD.ZS,India,2020,164.8928
FS.AST.PRVT.GD.ZS,Russia,2015,19.9378
FS.AST.PRVT.GD.ZS,Indonesia,2019,185.9357
FR.INR.RINR,Netherlands,2010,187.9695
FR.INR.RINR,Mexico,2015,153.7971
FD.AST.PRVT.GD.ZS,Turkey,2013,21.9607
FR.INR.RINR,India,2012,12.1413
FD.AST.PRVT.GD.ZS,Mexico,2022,106.0935
FS.AST.PRVT.GD.ZS,Russia,2013,137.9026
FR.INR.RINR,Turkey,2018,48.4858
FR.INR.RINR,Italy,2016,123.97
FR.INR.RINR,Netherlands,2011,60.3255
FD.AST.PRVT.GD.ZS,Canada,2021,158.2013
FS.AST.PRVT.GD.ZS,Germany,2010,176.5948
FS.AST.PRVT.GD.ZS,Japan,2014,104.8525
FR.INR.RINR,South Korea,2022,110.167
FS.AST.PRVT.GD.ZS,Brazil,2012,62.2761
FD.AST.PRVT.GD.ZS,Netherlands,2015,177.0699
FS.AST.PRVT.GD.ZS,India,2024,77.0755
FD.AST.PRVT.GD.ZS,United States,2014,74.1034
FR.INR.RINR,Russia,2016,105.8287
FS.AST.PRVT.GD.ZS,Italy,2024,16.7417
FS.AST.PRVT.GD.ZS,United States,2011,129.2667
FS.AST.PRVT.GD.ZS,Brazil,2022,43.6228
FR.INR.RINR,Mexico,2021,87.9022
FR.INR.RINR,Turkey,2010,106.7772
FS.AST.PRVT.GD.ZS,Canada,2021,148.8941
FS.AST.PRVT.GD.ZS,China,2012,87.4329
FD.AST.PRVT.GD.ZS,Saudi Arabia,2014,165.6019
FS.AST.PRVT.GD.ZS,Indonesia,2019,182.2051
FR.INR.RINR,Australia,2016,104.3244
FR.INR.RINR,Brazil,2012,48.4441
FS.AST.PRVT.GD.ZS,Brazil,2021,95.3796
FS.AST.PRVT.GD.ZS,Turkey,2011,121.2792
FD.AST.PRVT.GD.ZS,Indonesia,2015,33.0968
FR.INR.RINR,Mexico,2018,135.234
FS.AST.PRVT.GD.ZS,Turkey,2021,84.4115
FS.AST.PRVT.GD.ZS,China,2010,131.6117
FD.AST.PRVT.GD.ZS,South Korea,2012,16.5501
FS.AST.PRVT.GD.ZS,Canada,2013,28.7849
FD.AST.PRVT.GD.ZS,Italy,2011,52.5982
FR.INR.RINR,Netherlands,2010,141.1705
FS.AST.PRVT.GD.ZS,South Korea,2019,72.5296
FD.AST.PRVT.GD.ZS,Spain,2019,51.6052
FS.AST.PRVT.GD.ZS,Russia,2011,185.6972
FD.AST.PRVT.GD.ZS,United Kingdom,2014,136.1693
FS.AST.PRVT.GD.ZS,Japan,2010,196.5577
FS.AST.PRVT.GD.ZS,France,2016,80.9322
FD.AST.PRVT.GD.ZS,Brazil,2010,27.6227
FD.AST.PRVT.GD.ZS,Germany,2019,28.0752
FS.AST.PRVT.GD.ZS,Spain,2013,45.6815
FR.INR.RINR,Mexico,2021,54.4577
FS.AST.PRVT.GD.ZS,South Korea,2016,139.6737
FD.AST.PRVT.GD.ZS,Brazil,2011,181.117
FR.INR.RINR,South Korea,2021,27.5318
FS.AST.PRVT.GD.ZS,Italy,2013,69.1881
FS.AST.PRVT.GD.ZS,Spain,2014,35.9403
FD.AST.PRVT.GD.ZS,Canada,2019,154.6538
FR.INR.RINR,France,2019,146.6149
FD.AST.PRVT.GD.ZS,United States,2023,109.38
FS.AST.PRVT.GD.ZS,South Korea,2021,90.9176
FS.AST.PRVT.GD.ZS,Spain,2015,167.479
FD.AST.PRVT.GD.ZS,Turkey,2020,109.3238
FS.AST.PRVT.GD.ZS,Netherlands,2022,39.891
FR.INR.RINR,Saudi Arabia,2016,142.3761
FR.INR.RINR,Turkey,2018,92.8389
FR.INR.RINR,Japan,2018,23.5486
FR.INR.RINR,Germany,2021,120.2985
FS.AST.PRVT.GD.ZS,India,2018,63.2992
FD.AST.PRVT.GD.ZS,South Korea,2012,113.4569
FD.AST.PRVT.GD.ZS,Canada,2016,90.8166
FS.AST.PRVT.GD.ZS,Turkey,2021,68.3118
FD.AST.PRVT.GD.ZS,South Korea,2015,195.1257
FD.AST.PRVT.GD.ZS,Switzerland,2014,112.0601
FD.AST.PRVT.GD.ZS,India,2013,38.111
FD.AST.PRVT.GD.ZS,Canada,2017,61.3176
FD.AST.PRVT.GD.ZS,Spain,2024,155.0544
FR.INR.RINR,Brazil,2020,64.1042
FR.INR.RINR,Netherlands,2011,27.5665
FS.AST.PRVT.GD.ZS,Mexico,2015,137.0032
FR.INR.RINR,Netherlands,2022,98.7909
FS.AST.PRVT.GD.ZS,Turkey,2016,74.8902
FD.AST.PRVT.GD.ZS,United States,2021,164.0557
FD.AST.PRVT.GD.ZS,Saudi Arabia,2011,16.7475
FD.AST.PRVT.GD.ZS,France,2012,123.0856
FS.AST.PRVT.GD.ZS,United States,2021,142.5435
FS.AST.PRVT.GD.ZS,Russia,2011,189.0949
FR.INR.RINR,Switzerland,2024,162.9003
FR.INR.RINR,Japan,2015,137.1514
FS.AST.PRVT.GD.ZS,Turkey,2011,127.2922
FR.INR.RINR,Australia,2016,45.4386
FR.INR.RINR,China,2019,60.6577
FR.INR.RINR,France,2021,55.9495
FR.INR.RINR,United Kingdom,2015,189.2961
FD.AST.PRVT.GD.ZS,Spain,2016,70.4723
FS.AST.PRVT.GD.ZS,Turkey,2022,60.0001
FD.AST.PRVT.GD.ZS,France,2024,192.855
FD.AST.PRVT.GD.ZS,France,2019,145.3519
FD.AST.PRVT.GD.ZS,Germany,2012,42.4697
FR.INR.RINR,South Korea,2019,122.7521
FR.INR.RINR,Netherlands,2017,20.6339
FR.INR.RINR,Indonesia,2011,154.4365
FR.INR.RINR,Germany,2017,135.6542
FS.AST.PRVT.GD.ZS,Germany,2019,87.5607
FD.AST.PRVT.GD.ZS,United Kingdom,2015,195.8351
FR.INR.RINR,United States,2010,140.066
FS.AST.PRVT.GD.ZS,Netherlands,2019,170.1895
FD.AST.PRVT.GD.ZS,Japan,2017,140.6683
FS.AST.PRVT.GD.ZS,Saudi Arabia,2024,146.6929
FR.INR.RINR,Netherlands,2023,101.7221
FS.AST.PRVT.GD.ZS,United Kingdom,2023,40.6505
FD.AST.PRVT.GD.ZS,Spain,2016,59.5213
FS.AST.PRVT.GD.ZS,Russia,2021,35.9422
FR.INR.RINR,France,2018,77.779
FS.AST.PRVT.GD.ZS,Brazil,2023,46.3576
FR.INR.RINR,Netherlands,2019,149.4272
FD.AST.PRVT.GD.ZS,Russia,2018,178.4518
FS.AST.PRVT.GD.ZS,Switzerland,2016,64.3417
FR.INR.RINR,China,2011,120.2017
FS.AST.PRVT.GD.ZS,France,2012,20.9794
FR.INR.RINR,China,2024,35.0864
FD.AST.PRVT.GD.ZS,Russia,2020,153.6017
FS.AST.PRVT.GD.ZS,United States,2018,129.7498
FR.INR.RINR,India,2012,111.9368
FS.AST.PRVT.GD.ZS,China,2013,150.5108
FD.AST.PRVT.GD.ZS,India,2014,53.2057
FD.AST.PRVT.GD.ZS,Russia,2017,198.0407
FS.AST.PRVT.GD.ZS,Switzerland,2015,185.3923
FR.INR.RINR,India,2014,51.7911
FS.AST.PRVT.GD.ZS,Indonesia,2012,98.8208
FR.INR.RINR,Switzerland,2022,126.855
FS.AST.PRVT.GD.ZS,Brazil,2024,147.4379
FD.AST.PRVT.GD.ZS,United States,2018,49.6012
FR.INR.RINR,Canada,2019,58.8115
FR.INR.RINR,Switzerland,2019,150.975
FD.AST.PRVT.GD.ZS,Saudi Arabia,2011,140.2339
FD.AST.PRVT.GD.ZS,Switzerland,2016,108.5197
FS.AST.PRVT.GD.ZS,Russia,2020,134.1356
FR.INR.RINR,Brazil,2014,90.7392
FR.INR.RINR,United States,2017,127.345
FD.AST.PRVT.GD.ZS,Saudi Arabia,2011,92.2221
FR.INR.RINR,Germany,2022,67.78
FS.AST.PRVT.GD.ZS,Canada,2020,40.625
FD.AST.PRVT.GD.ZS,France,2018,28.8231
FD.AST.PRVT.GD.ZS,Spain,2019,11.8514
FR.INR.RINR,India,2018,32.3263
FD.AST.PRVT.GD.ZS,Spain,2015,142.1929
FD.AST.PRVT.GD.ZS,Russia,2011,105.4314
FD.AST.PRVT.GD.ZS,Turkey,2011,144.2142
FD.AST.PRVT.GD.ZS,Canada,2015,26.7531
FR.INR.RINR,United Kingdom,2015,182.4049
FS.AST.PRVT.GD.ZS,Russia,2011,184.1668
FR.INR.RINR,Indonesia,2017,82.7274
FS.AST.PRVT.GD.ZS,China,2017,173.543
FS.AST.PRVT.GD.ZS,Germany,2017,77.2142
FR.INR.RINR,China,2017,96.6863
FS.AST.PRVT.GD.ZS,Italy,2022,187.249
FS.AST.PRVT.GD.ZS,Germany,2021,70.2223
FR.INR.RINR,China,2019,52.5134
FD.AST.PRVT.GD.ZS,South Korea,2014,41.8951
FS.AST.PRVT.GD.ZS,Germany,2017,148.8052
FD.AST.PRVT.GD.ZS,South Korea,2020,19.3242
FD.AST.PRVT.GD.ZS,Russia,2020,46.5158
FD.AST.PRVT.GD.ZS,Saudi Arabia,2014,10.4832
FR.INR.RINR,Mexico,2011,34.7215
FD.AST.PRVT.GD.ZS,United Kingdom,2019,145.2151
FD.AST.PRVT.GD.ZS,Germany,2021,79.4913
FR.INR.RINR,Australia,2017,87.5823
FR.INR.RINR,India,2017,18.3291
FR.INR.RINR,Saudi Arabia,2015,175.7456
FS.AST.PRVT.GD.ZS,South Korea,2023,40.5357
FS.AST.PRVT.GD.ZS,Switzerland,2019,122.1079
FD.AST.PRVT.GD.ZS,Switzerland,2015,165.2986
FR.INR.RINR,Turkey,2012,51.2975
FS.AST.PRVT.GD.ZS,Italy,2017,142.8934
FS.AST.PRVT.GD.ZS,Saudi Arabia,2019,32.4622
FR.INR.RINR,India,2019,51.9766
FD.AST.PRVT.GD.ZS,United States,2011,143.2391
FR.INR.RINR,Spain,2012,33.1757
FS.AST.PRVT.GD.ZS,France,2013,28.8565
FR.INR.RINR,Russia,2022,114.032
FD.AST.PRVT.GD.ZS,Mexico,2021,193.7128
FD.AST.PRVT.GD.ZS,Turkey,2016,169.9117
FS.AST.PRVT.GD.ZS,Netherlands,2010,113.7989
FS.AST.PRVT.GD.ZS,China,2010,184.7002
FD.AST.PRVT.GD.ZS,United States,2011,188.6451
FR.INR.RINR,Germany,2022,104.0393
FR.INR.RINR,Saudi Arabia,2011,151.0591
FR.INR.RINR,Italy,2024,133.8396
FS.AST.PRVT.GD.ZS,Netherlands,2024,150.0583
FR.INR.RINR,Australia,2010,133.8593
FD.AST.PRVT.GD.ZS,Australia,2014,194.7499
FR.INR.RINR,Indonesia,2023,77.9746
FS.AST.PRVT.GD.ZS,South Korea,2020,130.3229
FR.INR.RINR,India,2020,34.6912
FS.AST.PRVT.GD.ZS,Japan,2010,171.9971
FD.AST.PRVT.GD.ZS,Indonesia,2024,42.7595
FR.INR.RINR,Turkey,2017,161.1181
FD.AST.PRVT.GD.ZS,Netherlands,2023,153.0529
FD.AST.PRVT.GD.ZS,Italy,2016,60.483
FD.AST.PRVT.GD.ZS,France,2013,70.6571
FS.AST.PRVT.GD.ZS,France,2017,50.2347
FR.INR.RINR,Germany,2020,57.6897
FS.AST.PRVT.GD.ZS,Turkey,2016,115.4079
FD.AST.PRVT.GD.ZS,China,2011,27.157
FS.AST.PRVT.GD.ZS,Russia,2014,199.5045
FS.AST.PRVT.GD.ZS,Netherlands,2024,111.9265
FS.AST.PRVT.GD.ZS,Brazil,2021,172.8507
FR.INR.RINR,Saudi Arabia,2024,85.5333
FD.AST.PRVT.GD.ZS,Australia,2018,83.593
FD.AST.PRVT.GD.ZS,Japan,2013,134.3523
FD.AST.PRVT.GD.ZS,Mexico,2016,59.9493
FR.INR.RINR,Netherlands,2013,67.0508
FR.INR.RINR,Brazil,2022,85.5355
FD.AST.PRVT.GD.ZS,United States,2014,157.1112
FS.AST.PRVT.GD.ZS,United Kingdom,2023,138.264
FD.AST.PRVT.GD.ZS,Germany,2014,135.7444
FR.INR.RINR,Spain,2016,110.2769
FR.INR.RINR,Australia,2020,84.2281
FR.INR.RINR,Russia,2015,179.687
FD.AST.PRVT.GD.ZS,United States,2015,182.7606
FS.AST.PRVT.GD.ZS,Saudi Arabia,2020,60.007
FR.INR.RINR,United States,2016,29.1168
FS.AST.PRVT.GD.ZS,Indonesia,2022,103.2553
FD.AST.PRVT.GD.ZS,Netherlands,2023,52.816
FR.INR.RINR,Turkey,2015,147.0935
FR.INR.RINR,Turkey,2020,24.48
FS.AST.PRVT.GD.ZS,Mexico,2014,171.6579
FD.AST.PRVT.GD.ZS,India,2018,41.4185
FR.INR.RINR,Australia,2023,87.3273
FS.AST.PRVT.GD.ZS,Indonesia,2011,33.2609
FS.AST.PRVT.GD.ZS,Switzerland,2012,100.7003
FS.AST.PRVT.GD.ZS,Japan,2015,167.9454
FD.AST.PRVT.GD.ZS,South Korea,2022,52.5454
FR.INR.RINR,Russia,2018,134.8831
FS.AST.PRVT.GD.ZS,Japan,2017,29.578
FR.INR.RINR,Turkey,2010,161.2169
FD.AST.PRVT.GD.ZS,Germany,2016,69.4325
FS.AST.PRVT.GD.ZS,Italy,2013,90.5077
FR.INR.RINR,Australia,2016,116.4231
FR.INR.RINR,South Korea,2019,26.1294
FD.AST.PRVT.GD.ZS,Germany,2024,37.6826
FS.AST.PRVT.GD.ZS,Turkey,2018,157.0696
FS.AST.PRVT.GD.ZS,Netherlands,2024,154.2021
FD.AST.PRVT.GD.ZS,United Kingdom,2016,107.7742
FD.AST.PRVT.GD.ZS,Russia,2024,94.4836
FS.AST.PRVT.GD.ZS,Canada,2014,70.8615
FD.AST.PRVT.GD.ZS,Saudi Arabia,2020,156.8661
FR.INR.RINR,Germany,2019,143.0778
FS.AST.PRVT.GD.ZS,United Kingdom,2016,51.1859
